{
  "name": "custom-narrative-sheet",
  "title": "custom-narrative-sheet",
  "id": "custom-narrative-sheet",
  "description": "a custom sheet displaying narrative infos",
  "version": "0.1.0",
  "authors": [
    {
      "name": "Rwan"
    }
  ],
  "scripts": [],
  "esmodules": [
    "custom-narrative-sheet.js"
  ],
  "styles": [
    "custom-narrative-sheet.css"
  ],
  "packs": [],
  "languages": [],
  "relationships": {
    "systems": []
  },
  "compatibility": {
    "minimum": "9",
    "verified": "10.290"
  },
  "url": "",
  "manifest": "",
  "download": "",
  "license": "",
  "readme": "",
  "bugs": "",
  "changelog": ""
}